{
    "Ansi 4 Color" : {
      "Red Component" : 0.14901960784313725,
      "Color Space" : "sRGB",
      "Blue Component" : 0.82352941176470584,
      "Green Component" : 0.54509803921568623
    },
    "Tags" : [
  
    ],
    "Ansi 12 Color" : {
      "Red Component" : 0.39133882150053978,
      "Color Space" : "sRGB",
      "Blue Component" : 0.61151123046875,
      "Alpha Component" : 1,
      "Green Component" : 0.588335187419465
    },
    "Right Option Key Sends" : 0,
    "Ansi 6 Color" : {
      "Red Component" : 0.16470588235294117,
      "Color Space" : "sRGB",
      "Blue Component" : 0.59607843137254901,
      "Green Component" : 0.63137254901960782
    },
    "Bold Color" : {
      "Red Component" : 0.57647058823529407,
      "Color Space" : "sRGB",
      "Blue Component" : 0.63137254901960782,
      "Green Component" : 0.63137254901960782
    },
    "Ansi 7 Color" : {
      "Red Component" : 0.93333333333333335,
      "Color Space" : "sRGB",
      "Blue Component" : 0.83529411764705885,
      "Green Component" : 0.90980392156862744
    },
    "Ansi 8 Color" : {
      "Red Component" : 0,
      "Color Space" : "sRGB",
      "Blue Component" : 0.21176470588235294,
      "Green Component" : 0.16862745098039217
    },
    "Ansi 9 Color" : {
      "Red Component" : 0.79607843137254897,
      "Color Space" : "sRGB",
      "Blue Component" : 0.086274509803921567,
      "Green Component" : 0.29411764705882354
    },
    "Rows" : 25,
    "Default Bookmark" : "No",
    "Ansi 5 Color" : {
      "Red Component" : 0.82745098039215681,
      "Color Space" : "sRGB",
      "Blue Component" : 0.50980392156862742,
      "Green Component" : 0.21176470588235294
    },
    "Use Non-ASCII Font" : false,
    "Cursor Guide Color" : {
      "Red Component" : 0.70213186740875244,
      "Color Space" : "sRGB",
      "Blue Component" : 1,
      "Alpha Component" : 0.25,
      "Green Component" : 0.9268307089805603
    },
    "Non-ASCII Anti Aliased" : true,
    "Use Bright Bold" : true,
    "Ansi 10 Color" : {
      "Red Component" : 0.36758265737444162,
      "Color Space" : "sRGB",
      "Blue Component" : 0.49435515217405168,
      "Alpha Component" : 1,
      "Green Component" : 0.76898193359375
    },
    "Use Cursor Guide" : false,
    "Ambiguous Double Width" : false,
    "Jobs to Ignore" : [
      "rlogin",
      "ssh",
      "slogin",
      "telnet"
    ],
    "Ansi 15 Color" : {
      "Red Component" : 0.99215686274509807,
      "Color Space" : "sRGB",
      "Blue Component" : 0.8901960784313725,
      "Green Component" : 0.96470588235294119
    },
    "Foreground Color" : {
      "Red Component" : 0.74585108133032918,
      "Color Space" : "sRGB",
      "Blue Component" : 0.809661865234375,
      "Alpha Component" : 1,
      "Green Component" : 0.80294494061289667
    },
    "Bound Hosts" : [
  
    ],
    "Working Directory" : "\/Users\/josequinto",
    "Blinking Cursor" : true,
    "Disable Window Resizing" : true,
    "Sync Title" : false,
    "Prompt Before Closing 2" : false,
    "BM Growl" : true,
    "Command" : "",
    "Description" : "Default",
    "Smart Cursor Color" : false,
    "Mouse Reporting" : true,
    "Screen" : -1,
    "Selection Color" : {
      "Red Component" : 0.80107165686786175,
      "Color Space" : "sRGB",
      "Blue Component" : 0.89898681640625,
      "Alpha Component" : 1,
      "Green Component" : 0.87907186480232002
    },
    "Space" : 0,
    "Columns" : 80,
    "Idle Code" : 0,
    "Ansi 13 Color" : {
      "Red Component" : 0.893768310546875,
      "Color Space" : "sRGB",
      "Blue Component" : 0.6628402971681453,
      "Alpha Component" : 1,
      "Green Component" : 0.42533639632165432
    },
    "Custom Command" : "No",
    "ASCII Anti Aliased" : true,
    "Non Ascii Font" : "Monaco 12",
    "Vertical Spacing" : 1,
    "Use Bold Font" : true,
    "Option Key Sends" : 0,
    "Selected Text Color" : {
      "Red Component" : 0.30026836812220381,
      "Color Space" : "sRGB",
      "Blue Component" : 0.471710205078125,
      "Alpha Component" : 1,
      "Green Component" : 0.29560343036428094
    },
    "Background Color" : {
      "Red Component" : 0,
      "Color Space" : "sRGB",
      "Blue Component" : 0.21176470588235294,
      "Green Component" : 0.16862745098039217
    },
    "Character Encoding" : 4,
    "Ansi 11 Color" : {
      "Red Component" : 0.849853515625,
      "Color Space" : "sRGB",
      "Blue Component" : 0.54312766715884209,
      "Alpha Component" : 1,
      "Green Component" : 0.78799913309740077
    },
    "Use Italic Font" : true,
    "Unlimited Scrollback" : false,
    "Keyboard Map" : {
      "0xf700-0x260000" : {
        "Action" : 10,
        "Text" : "[1;6A"
      },
      "0x37-0x40000" : {
        "Action" : 11,
        "Text" : "0x1f"
      },
      "0x32-0x40000" : {
        "Action" : 11,
        "Text" : "0x00"
      },
      "0xf709-0x20000" : {
        "Action" : 10,
        "Text" : "[17;2~"
      },
      "0xf70c-0x20000" : {
        "Action" : 10,
        "Text" : "[20;2~"
      },
      "0xf729-0x20000" : {
        "Action" : 10,
        "Text" : "[1;2H"
      },
      "0xf72b-0x40000" : {
        "Action" : 10,
        "Text" : "[1;5F"
      },
      "0xf705-0x20000" : {
        "Action" : 10,
        "Text" : "[1;2Q"
      },
      "0xf703-0x260000" : {
        "Action" : 10,
        "Text" : "[1;6C"
      },
      "0xf700-0x220000" : {
        "Action" : 10,
        "Text" : "[1;2A"
      },
      "0xf701-0x280000" : {
        "Action" : 11,
        "Text" : "0x1b 0x1b 0x5b 0x42"
      },
      "0x38-0x40000" : {
        "Action" : 11,
        "Text" : "0x7f"
      },
      "0x33-0x40000" : {
        "Action" : 11,
        "Text" : "0x1b"
      },
      "0xf703-0x220000" : {
        "Action" : 10,
        "Text" : "[1;2C"
      },
      "0xf701-0x240000" : {
        "Action" : 10,
        "Text" : "[1;5B"
      },
      "0xf70d-0x20000" : {
        "Action" : 10,
        "Text" : "[21;2~"
      },
      "0xf702-0x260000" : {
        "Action" : 10,
        "Text" : "[1;6D"
      },
      "0xf729-0x40000" : {
        "Action" : 10,
        "Text" : "[1;5H"
      },
      "0xf706-0x20000" : {
        "Action" : 10,
        "Text" : "[1;2R"
      },
      "0x34-0x40000" : {
        "Action" : 11,
        "Text" : "0x1c"
      },
      "0xf700-0x280000" : {
        "Action" : 11,
        "Text" : "0x1b 0x1b 0x5b 0x41"
      },
      "0x2d-0x40000" : {
        "Action" : 11,
        "Text" : "0x1f"
      },
      "0xf70e-0x20000" : {
        "Action" : 10,
        "Text" : "[23;2~"
      },
      "0xf702-0x220000" : {
        "Action" : 10,
        "Text" : "[1;2D"
      },
      "0xf703-0x280000" : {
        "Action" : 11,
        "Text" : "0x1b 0x1b 0x5b 0x43"
      },
      "0xf700-0x240000" : {
        "Action" : 10,
        "Text" : "[1;5A"
      },
      "0xf707-0x20000" : {
        "Action" : 10,
        "Text" : "[1;2S"
      },
      "0xf70a-0x20000" : {
        "Action" : 10,
        "Text" : "[18;2~"
      },
      "0x35-0x40000" : {
        "Action" : 11,
        "Text" : "0x1d"
      },
      "0xf70f-0x20000" : {
        "Action" : 10,
        "Text" : "[24;2~"
      },
      "0xf703-0x240000" : {
        "Action" : 10,
        "Text" : "[1;5C"
      },
      "0xf701-0x260000" : {
        "Action" : 10,
        "Text" : "[1;6B"
      },
      "0xf702-0x280000" : {
        "Action" : 11,
        "Text" : "0x1b 0x1b 0x5b 0x44"
      },
      "0xf72b-0x20000" : {
        "Action" : 10,
        "Text" : "[1;2F"
      },
      "0x36-0x40000" : {
        "Action" : 11,
        "Text" : "0x1e"
      },
      "0xf708-0x20000" : {
        "Action" : 10,
        "Text" : "[15;2~"
      },
      "0xf701-0x220000" : {
        "Action" : 10,
        "Text" : "[1;2B"
      },
      "0xf70b-0x20000" : {
        "Action" : 10,
        "Text" : "[19;2~"
      },
      "0xf702-0x240000" : {
        "Action" : 10,
        "Text" : "[1;5D"
      },